babar,bairstow,kane,karunaratne,markaram,rohit,root,smith,virat,warner
,,,,,,,,,
35.163883,39.088036,37.66438,39.19405,34.00548,36.530724,41.517918,38.804276,39.65931,40.297943
